budget,company,country,director,genre,gross,name,rating,released,runtime,score,star,votes,writer,year,director_popularity,actor_popularity,writer_popularity
170000000,Twentieth Century Fox,USA,Robert Rodriguez,Action,404852543,Alita - Battle Angel,R,14/02/19,122,7.3,Rosa Salazar,217183,James Cameron,2019,2.577,6.909,0.6
100000000,Warner Bros.,USA,David F. Sandberg,Action,365971656,Shazam!,R,3/04/19,132,7.1,Zachary Levi,240858,Henry Gayden,2019,2.769,5.333,1.284
149000000,Warner Bros.,USA,Patty Jenkins,Action,821847012,Wonder Woman,R,1/06/17,141,7.4,Gal Gadot,535903,Allan Heinberg,2017,2.705,17.693,1.164
300000000,Warner Bros.,USA,Zack Snyder,Action,681871991,Justice League,R,16/11/17,120,6.3,Ben Affleck,371025,Jerry Siegel,2017,6.331,9.068,1.886
50000000,Lionsgate,USA,Adrian Grunberg,Action,91490353,Rambo: Last Blood,R,26/09/19,89,6.1,Sylvester Stallone,76064,Matthew Cirulnick,2019,1.425,17.609,0.6
59000000,Universal Pictures,USA,Damien Chazelle,Biography,105697415,First Man,R,31/10/18,141,7.3,Ryan Gosling,159476,Josh Singer,2018,3.106,5.312,1.013
110000000,Paramount Pictures,USA,Rupert Sanders,Action,169801921,Ghost in the Shell,R,30/03/17,107,6.3,Scarlett Johansson,191536,Shirow Masamune,2017,0.84,62.572,3.451
25000000,Amazon Studios,USA,Felix van Groeningen,Biography,16636604,Beautiful Boy,R,13/06/19,120,7.3,Steve Carell,48357,Luke Davies,2018,1.4,5.05,1.4
5000000,Aviron Pictures,USA,Johannes Roberts,Horror,31039126,The Strangers: Prey at Night,R,31/05/18,85,5.2,Christina Hendricks,25927,Bryan Bertino,2018,2.18,7.418,1.4
159000000,Tribeca Productions,USA,Martin Scorsese,Biography,968853,The Irishman,R,27/11/19,209,7.9,Robert De Niro,304528,Steven Zaillian,2019,8.532,12.481,1.4
35000000,Alcon Entertainment,USA,Nicolai Fuglsig,Action,67450815,12 Soldiers,R,11/07/18,130,6.6,Chris Hemsworth,64601,Ted Tally,2018,0.6,19.689,1.157
160000000,DC Comics,USA,James Wan,Action,1148485886,Aquaman,R,1/01/19,143,6.9,Jason Momoa,348878,David Leslie Johnson-McGoldrick,2018,5.919,8.866,2.183
84000000,Bona Film Group,USA,Michael Gracey,Biography,435086403,The Greatest Showman,PG,25/12/17,105,7.6,Hugh Jackman,226510,Jenny Bicks,2017,0.6,15.466,2.058
90000000,Columbia Pictures,USA,Adil El Arbi,Action,424617855,Bad Boys for Life,R,20/02/20,124,6.6,Will Smith,111557,Peter Craig,2020,1.052,29.688,1.96
42000000,2.0 Entertainment,USA,Ruben Fleischer,Action,122810399,Zombieland - Double tap,R,14/11/19,99,6.7,Woody Harrelson,125294,Rhett Reese,2019,1.637,16.598,1.708
12000000,Pantelion Films,USA,Rob Greenberg,Comedy,91244913,Overboard,R,19/07/18,112,6,Eugenio Derbez,33083,Bob Fisher,2018,0.6,2.399,0.694
100000000,Media Rights Capital (MRC),USA,Christian Rivers,Action,83672673,Mortal Engines,R,13/12/18,128,6.1,Hera Hilmar,100004,Fran Walsh,2018,0.6,7.627,4.887
30000000,StudioCanal,USA,Jaume Collet-Serra,Action,119942387,The Commuter,R,25/01/18,104,6.3,Liam Neeson,99769,Byron Willinger,2018,2.293,20.541,0.6
100000000,Legend3D,USA,Ava DuVernay,Adventure,132675864,A Wrinkle in Time,PG,29/03/18,109,4.2,Storm Reid,39933,Jennifer Lee,2018,1.579,1.465,0.863
45000000,Columbia Pictures,USA,Dave Wilson,Action,30855391,Bloodshot,R,27/03/20,109,5.7,Vin Diesel,49627,Jeff Wadlow,2020,1.38,18.503,1.439
40000000,Summit Entertainment,USA,Benny Boom,Biography,55668698,All Eyez on Me,R,7/09/17,139,5.8,Demetrius Shipp Jr.,20641,Jeremy Haft,2017,0.6,0.6,0.694
175000000,Warner Bros.,USA,Steven Spielberg,Action,582893671,Ready Player One,R,28/03/18,140,7.5,Tye Sheridan,353913,Zak Penn,2018,8.787,3.293,1.62
5000000,Awesomeness Films,USA,Ry Russo-Young,Drama,16373843,Before I Fall,R,19/07/17,98,6.4,Zoey Deutch,44619,Maria Maggenti,2017,0.94,4.435,1.025
5000000,Redwire Pictures,USA,Dan Bush,Crime,346729,The Vault,NOT RATED,1/09/17,91,4.8,James Franco,11776,Dan Bush,2017,0.6,9.24,0.84
97600000,Chernin Entertainment,USA,James Mangold,Action,225508210,Ford v. Ferrari,R,14/11/19,152,8.1,Matt Damon,251782,Jez Butterworth,2019,2.607,13.077,1.228
30000000,Summit Entertainment,USA,Patrick Hughes,Action,176600207,The Hitman's Bodyguard,R,5/10/17,118,6.9,Elodie Yung,181090,Tom O'Connor,2017,1.4,4.687,1.4
33000000,CBS Films,USA,Michael Cuesta,Action,67234188,American Assassin,R,23/11/17,111,6.2,Dylan O'Brien,67929,Stephen Schiff,2017,1.094,7.847,0.828
37500000,Escape Artists,USA,Neil Burger,Comedy,125856180,The Upside,R,1/04/19,126,6.9,Kevin Hart,42810,Jon Hartmere,2017,2.923,5.192,0.98
30000000,Open Road Films (II),USA,Baran bo Odar,Action,32917353,Sleepless,R,2/02/17,95,5.6,Jamie Foxx,29261,Andrea Berloff,2017,0.6,6.019,2.187
16000000,Nuyorican Productions,USA,Peter Segal,Comedy,72294066,Ricomincio da me,R,24/01/19,103,5.8,Jennifer Lopez,21061,Justin Zackham,2018,1.96,5.026,1.008
40000000,Summit Entertainment,USA,Jonathan Levine,Comedy,53873809,Long Shot,R,10/10/19,125,6.8,Charlize Theron,88321,Dan Sterling,2019,1.842,16.855,0.6
30000000,Bazelevs Production,USA,Alfonso Gomez-Rejon,Biography,12217160,The Current War,PG-13,18/07/19,108,6.5,Benedict Cumberbatch,16808,Michael Mitnick,2017,1.4,14.578,0.6
120000000,New Line Cinema,USA,Brad Peyton,Action,428028233,Rampage,R,12/04/18,107,6.1,Dwayne Johnson,137865,Ryan Engle,2018,1.62,28.024,0.652
175000000,Columbia Pictures,USA,Jon Watts,Action,880166924,Spider-Man: Homecoming,R,6/07/17,133,7.4,Tom Holland,494060,Jonathan Goldstein,2017,1.676,12.137,1.216
50000000,Summit Entertainment,USA,Neil Marshall,Action,44665289,Hellboy,R,11/04/19,120,5.2,Mark Stanley,74561,Andrew Cosby,2019,2.112,1.674,0.98
90000000,Columbia Pictures,USA,Jake Kasdan,Action,962102237,Jumanji - Welcome to the Jungle,PG,1/01/18,119,6.9,Dwayne Johnson,308721,Chris McKenna,2017,1.4,28.024,2.465
97000000,Twentieth Century Fox,USA,Ridley Scott,Horror,240891763,Alien: Covenant,R,11/05/17,122,6.4,Michael Fassbender,248096,Dan O'Bannon,2017,8.74,10.642,1.4
60000000,Columbia Pictures,USA,Kelly Asbury,Animation,197183546,Smurfs: The Lost Village,G,6/04/17,90,6,Demi Lovato,17800,Stacey Harman,2017,3.377,1.919,0.6
30000000,Focus Features,USA,David Leitch,Action,100014025,Atomic Blonde,R,17/08/17,115,6.7,Charlize Theron,171059,Kurt Johnstad,2017,2.57,16.855,0.612
275000000,Walt Disney Pictures,USA,J.J. Abrams,Action,1074144248,Star Wars: The Rise Of Skywalker,R,18/12/19,141,6.6,Carrie Fisher,347274,Chris Terrio,2019,4.185,8.689,3.07
5000000,Voltage Pictures,USA,Sean Carter,Horror,94178,Keep Watching,R,31/10/17,89,4.3,Bella Thorne,3987,Joseph Dembner,2017,0.6,8.733,1.62
14000000,TSG Entertainment,USA,Taika Waititi,Comedy,90335025,Jojo Rabbit,R,16/01/20,108,7.9,Roman Griffin Davis,253681,Christine Leunens,2019,6.353,1.4,1.411
28000000,Apollo Media,USA,Jonathan Mostow,Action,236820,The Hunter's Prayer,R,9/06/17,91,5.6,Martin Compston,7788,John Brancato,2017,1.192,1.918,1.473
160000000,Mandeville Films,USA,Bill Condon,Family,1264064380,Beauty and the Beast,PG,16/03/17,129,7.1,Emma Watson,263977,Stephen Chbosky,2017,2.836,15.442,1.96
20000000,DreamWorks,USA,Jason Hall,Biography,9995692,Thank You for Your Service,R,27/10/17,109,6.5,Miles Teller,11750,David Finkel,2017,0.6,3.003,0.6
65000,100 Acres of Hell Productions,USA,Hank Leigh Hump,Action,5152,100 Acres of Hell,R,2/03/19,85,2.8,Gene Snisky,180,Jason L. Koerner,2019,0.6,0.6,0.6
28000000,Broken Road Productions,USA,Jeff Tomsic,Action,78130625,Tag,R,5/07/18,100,6.5,Ed Helms,109263,Rob McKittrick,2018,0.98,2.482,0.6
20000000,Summit Entertainment,USA,Stuart Hazeldine,Drama,96942115,The Shack,R,3/03/17,132,6.3,Sam Worthington,29510,John Fusco,2017,0.84,6.407,1.995
69000000,Chernin Entertainment,USA,Francis Lawrence,Action,151572634,Red Sparrow,R,1/03/18,140,6.6,Jennifer Lawrence,159357,Justin Haythe,2018,1.363,11.989,1.4
30000000,Warner Bros.,USA,Jon M. Chu,Comedy,238538736,Crazy Rich Asians,PG,15/08/18,120,6.9,Constance Wu,133010,Peter Chiarelli,2018,2.481,3.086,0.6
20000000,Fox Searchlight Pictures,USA,Dome Karukoski,Biography,9090040,Tolkien,R,12/09/19,112,6.8,Nicholas Hoult,30026,David Gleeson,2019,1.094,6.5,0.828
217000000,Paramount Pictures,USA,Michael Bay,Action,605425157,Transformers - The Last Knight,R,22/06/17,154,5.2,Mark Wahlberg,132180,Art Marcum,2017,0.6,13.736,1.671
22000000,New Line Cinema,USA,Richie Keen,Comedy,41087017,Fist Fight,R,15/06/17,91,5.6,Charlie Day,38840,Van Robichaux,2017,1.159,3.419,0.6
111000000,Blue Sky Studios,USA,Carlos Saldanha,Animation,296069199,Ferdinand,G,21/12/17,108,6.7,Jack Gore,46400,Robert L. Baird,2017,2.039,0.745,1.62
150000000,Twentieth Century Fox,USA,Matt Reeves,Action,490719763,War for the Planet of the Apes,R,13/07/17,140,7.4,Andy Serkis,222173,Mark Bomback,2017,2.009,10.124,1.62
80000000,Illumination Entertainment,USA,Kyle Balda,Animation,1034799409,Despicable Me 3,PG,24/08/17,89,6.3,Steve Carell,108791,Cinco Paul,2017,1.388,5.05,1.321
15000000,Millennium Films,USA,Alain Desrochers,Action,776522,Security,R,4/03/17,88,5.7,Antonio Banderas,15386,Tony Mosher,2017,1.4,6.852,0.6
180000000,Walt Disney Pictures,USA,Taika Waititi,Action,853979142,Thor: Ragnarok,R,25/10/17,130,7.9,Chris Hemsworth,564511,Eric Pearson,2017,6.353,19.689,1.4
350000,Emphatic Films,USA,Eddie Mensore,Drama,226421,Mine 9,NOT RATED,19/05/20,83,6.8,Terry Serpico,3910,Eddie Mensore,2019,0.6,2.19,0.6
50000000,Cross Creek Pictures,USA,Doug Liman,Action,134866593,American Made,R,14/09/17,115,7.2,Tom Cruise,153394,Gary Spinelli,2017,1,35.827,0.6
19000000,Perfect World Pictures,USA,Malcolm D. Lee,Adventure,140552359,Girl's Trip,R,12/04/18,122,6.2,Regina Hall,33440,Erica Rivinoja,2017,1.22,3.921,1.62
175000000,Pixar Animation Studios,USA,Brian Fee,Animation,383930656,Cars 3,G,14/09/17,102,6.7,Owen Wilson,71587,Brian Fee,2017,0.6,9.701,0.6
100000000,Lionsgate,USA,Dean Israelite,Action,142337240,Power Rangers,PG-13,6/04/17,124,5.9,Dacre Montgomery,99986,John Gatins,2017,0.972,2.899,0.972
185000000,Warner Bros.,USA,Jordan Vogt-Roberts,Action,566652812,Kong: Skull Island,R,9/03/17,118,6.6,Tom Hiddleston,262000,Dan Gilroy,2017,1.673,5.525,1.849
12000000,Cinelou Films,USA,Alexandre Moors,Drama,57946,The Yellow Birds,R,15/06/18,94,5.7,Alden Ehrenreich,3113,David Lowery,2017,0.6,2.37,0.6
170000000,Warner Bros.,USA,Michael Dougherty,Action,386600138,Godzilla II - King of the Monsters,R,30/05/19,132,6,Kyle Chandler,125326,Michael Dougherty,2019,0.6,6.54,1.714
62000000,Columbia Pictures,USA,Antoine Fuqua,Action,190400157,The Equalizer 2,R,13/09/18,121,6.7,Denzel Washington,125883,Richard Wenk,2018,1.819,8.519,1.094
85000000,Paramount Pictures,USA,Jeff Fowler,Action,306766470,Sonic the Hedgehog,PG,13/02/20,99,6.5,Ben Schwartz,74639,Pat Casey,2020,0.98,2.176,0.6
18000000,Millennium Media,USA,Rod Lurie,Action,1049275,The Outpost,R,3/07/20,123,6.7,Scott Eastwood,10057,Paul Tamasy,2020,0.6,5.833,1.22
170000000,Walt Disney Pictures,USA,Tim Burton,Adventure,353284621,Dumbo,PG,28/03/19,112,6.3,Colin Farrell,62609,Ehren Kruger,2019,5.285,11.109,0.974
45000000,Amazon Studios,USA,John Crowley,Drama,9932621,The Goldflinch,R,10/10/19,149,6.3,Oakes Fegley,14265,Peter Straughan,2019,1.107,2.729,1.03
10000000,ShivHans Pictures,USA,Tom Shadyac,Biography,4376819,Brian Banks,PG-13,9/08/19,99,7.2,Aldis Hodge,3876,Doug Atchison,2018,1.646,2.376,0.828
30000000,Los Angeles Media Fund (LAMF),USA,Peter Chelsom,Drama,16080475,The Space Between Us,R,3/06/17,120,6.4,Gary Oldman,46744,Allan Loeb,2017,1.361,19.171,1.511
80000000,DC Entertainment,USA,Chris McKay,Animation,311950384,The Lego Batman Movie,PG,9/02/17,104,7.3,Will Arnett,128222,Seth Grahame-Smith,2017,2.782,1.847,0.98
160000000,Walt Disney Pictures,USA,Anna Boden,Action,1128276090,Captain Marvel,R,6/03/19,123,6.9,Brie Larson,422676,Anna Boden,2019,2.588,10.235,0.6
321000000,Marvel Studios,USA,Anthony Russo,Action,2048359754,Avengers: Infinity War,R,25/04/18,149,8.4,Robert Downey Jr.,796486,Christopher Markus,2018,3.539,30.016,2.373
356000000,Marvel Studios,USA,Anthony Russo,Action,2797800564,Avengers: Endgame,R,24/04/19,181,8.4,Robert Downey Jr.,754786,Christopher Markus,2019,3.539,30.016,2.373
21000000,TRI G,USA,Andy Tennant,Drama,1472195,The Secret: Dare to Dream,PG,31/07/20,107,6.3,Katie Holmes,1147,Bekah Brunstetter,2020,2.078,5.83,1.4
40000000,Summit Entertainment,USA,Chad Stahelski,Action,173418558,John Wick - Chapter 2,R,16/03/17,122,7.5,Keanu Reeves,352050,Derek Kolstad,2017,2.156,30.707,1.165
35000000,Davis Entertainment,USA,Tim Story,Action,21360215,Shaft,R,28/06/19,111,6.4,Samuel L. Jackson,41924,Ernest Tidyman,2019,0.98,21.723,1.102
55000000,Universal Pictures,USA,James Foley,Drama,381545846,Fifty Shades Darker,R,9/02/17,118,4.6,Dakota Johnson,89375,Niall Leonard,2017,2.887,7.628,0.6
55000000,Perfect World Pictures,USA,James Foley,Drama,371985018,Fifty Shades Freed,R,8/02/18,105,4.5,Dakota Johnson,53182,Niall Leonard,2018,2.887,7.628,0.6
7000000,Dayday Films,USA,Marc Webb,Drama,43069254,Gifted,R,1/11/17,101,7.6,Chris Evans,95816,Tom Flynn,2017,1.4,14.818,0.98
62000000,Gotham Group,USA,Wes Ball,Action,288175335,Maze Runner - The Death Cure,R,1/02/18,143,6.2,Dylan O'Brien,107184,T.S. Nowlin,2018,0.6,7.847,0.6
6000000,Orion Pictures,USA,Nicholas McCarthy,Horror,21150265,The Prodigy ,R,28/03/19,92,5.8,Taylor Schilling,22022,Jeff Buhler,2019,0.6,3.56,0.6
150000000,Walt Disney Animation Studios,USA,Chris Buck,Animation,1450026933,Frozen 2,PG,27/11/19,103,6.9,Kristen Bell,122760,Jennifer Lee,2019,2.138,9.108,0.863
100000000,Summit Entertainment,USA,Otto Bathurst,Action,86493046,Robin Hood,R,22/11/18,116,5.3,Taron Egerton,60708,Ben Chandler,2018,1.396,6.214,0.6
15100000,1492 Pictures,USA,Anders Walter,Drama,342558,I Kill Giants,PG,6/08/18,106,6.1,Madison Wolfe,25343,Joe Kelly,2017,0.6,2.204,0.84
50000000,STX Entertainment,USA,Peter Berg,Action,66308758,Mile 22,R,15/11/18,94,6.1,Mark Wahlberg,62874,Graham Roland,2018,0.6,13.736,1.22
20000000,Affirm Films,USA,Timothy Reckart,Animation,84315669,The Star,G,30/11/17,86,6.2,Steven Yeun,6189,Carlos Kotkin,2017,0.98,1.919,0.6
2000000,Affirm Films,USA,Steve Gomer,Drama,5942565,All Saints,PG,25/08/17,108,6.1,John Corbett,1484,Steve Armour,2017,0.6,2.086,0.6
20000000,Alibaba Pictures,USA,Mimi Leder,Biography,38673750,On the Basis of Sex,R,28/03/19,120,7,Felicity Jones,22249,Daniel Stiepleman,2018,1.388,11.111,0.6
130000000,Apelles Entertainment,USA,Jon Turteltaub,Action,530259473,The Meg,R,9/08/18,113,5.6,Jason Statham,143438,Dean Georgaris,2018,1.924,33.015,1.4
2800000,Boies / Schiller Film Group,USA,Scott Speer,Drama,27365467,Midnight Sun,PG,22/03/18,91,6.6,Bella Thorne,21727,Kenji Bando,2018,1.128,8.733,1.22
4500000,Elara Pictures,USA,Benny Safdie,Crime,3283369,Good Time,R,26/10/17,102,7.4,Robert Pattinson,80270,Ronald Bronstein,2017,1.399,20.558,1.01
170000000,Universal Pictures,USA,J.A. Bayona,Action,1331958159,Jurassic World: Fallen Kingdom,R,7/06/18,128,6.2,Chris Pratt,256534,Derek Connolly,2018,1.4,10.02,2.783
9000000,Atomic Monster,USA,Michael Chaves,Horror,123133739,The Curse of the Weeping Woman,R,17/04/19,93,5.3,Linda Cardellini,35088,Mikki Daughtry,2019,0.6,9.071,1.414
10000000,Alloy Entertainment,USA,Stella Meghie,Drama,61621140,"Everything, Everything",PG-13,21/09/17,96,6.4,Amandla Stenberg,31590,J. Mills Goodloe,2017,0.6,4.706,1.62
130000000,Lucamar Productions,USA,Rob Marshall,Comedy,349545966,Mary Poppins Returns,G,20/12/18,130,6.7,Emily Blunt,73598,P.L. Travers,2018,1.4,22.018,1.473
21000000,DV3 Productions,USA,Obin Olson,Action,43368,The Shadow Effect,NOT RATED,21/04/17,93,4.2,Jonathan Rhys Meyers,1576,Chad Law,2017,0.6,6.267,1.4
6000000,SpectreVision,USA,Richard Stanley,Horror,1023510,Color Out of Space,R,5/02/20,111,6.2,Nicolas Cage,24703,H.P. Lovecraft,2019,0.7,19.001,0.6
162000000,Marvel Studios,USA,Peyton Reed,Action,622674139,Ant-Man and the Wasp,PG,14/08/18,118,7.1,Paul Rudd,295480,Chris McKenna,2018,1.4,8.98,2.465
80000000,Universal Pictures,USA,Chris Renaud,Animation,430051293,The Secret Life of Pets 2,G,6/06/19,86,6.5,Patton Oswalt,46358,Brian Lynch,2019,0.6,3.037,0.791
50000000,Columbia Pictures,USA,Will Gluck,Adventure,351266433,Peter Rabbit,PG,22/03/18,95,6.6,James Corden,33945,Rob Lieber,2018,1.135,2.996,0.6
15000000,Atomic Monster,USA,David F. Sandberg,Horror,306515884,Annabelle 2: Creation,R,3/08/17,109,6.5,Anthony LaPaglia,108128,Gary Dauberman,2017,2.769,3.763,1.96
13000000,Apex Entertainment,USA,John Curran,Drama,18263470,Chappaquiddick,R,6/04/18,106,6.5,Jason Clarke,11518,Taylor Allen,2017,0.728,3.297,0.6
50000000,Imperative Entertainment,USA,Ridley Scott,Biography,56996304,All the Money in The World,R,4/01/18,132,6.8,Michelle Williams,71290,David Scarpa,2017,8.74,5.305,0.652
4800000,Universal Pictures,USA,Christopher Landon,Horror,125479266,Happy Death Day,R,9/11/17,96,6.6,Jessica Rothe,110766,Scott Lobdell,2017,2.999,10.164,1.564
400000,BondIt Media Capital,USA,Warren Pemberton,Comedy,20062,The Other Side,NOT RATED,1/08/18,95,4.1,Nick Arapoglou,109,Warren Pemberton,2018,0.6,0.6,0.84
34000000,Annapurna Pictures,USA,Kathryn Bigelow,Crime,23355100,Detroit,R,23/11/17,143,7.3,Chris Chalk,46350,Mark Boal,2017,0.856,1.183,1.011
7000000,Armory Films,USA,Brian Taylor,Comedy,165962,Mom and Dad,R,9/03/18,86,5.5,Nicolas Cage,19643,Brian Taylor,2017,0.6,19.001,1.242
110000000,Twentieth Century Fox,USA,David Leitch,Action,785794179,Deadpool 2,R,15/05/18,119,7.7,Ryan Reynolds,460610,Rhett Reese,2018,2.57,24.035,1.708
23000000,Fox 2000 Pictures,USA,George Tillman Jr.,Crime,34934009,The Hate U Give,R,14/03/19,133,7.4,Amandla Stenberg,28869,Audrey Wells,2018,1.38,4.706,0.6
10000000,BBL Motion Picture Studios,USA,Steven C. Miller,Action,41037,Arsenal,R,6/01/17,97,4,Nicolas Cage,3940,Jason Mosberg,2017,2.268,19.001,0.6
10600000,Hollywood Gang Productions,USA,Mike P. Nelson,Action,59766,The Domestics,R,4/10/18,95,5.7,Kate Bosworth,8422,Mike P. Nelson,2018,0.6,8.167,0.6
13000000,BRON Studios,USA,Jason Reitman,Comedy,15636462,Tully,R,28/06/18,95,7,Charlize Theron,50843,Diablo Cody,2018,1.571,16.855,0.6
69000000,Paramount Pictures,USA,Sean Anders,Comedy,180613180,Daddy's Home 2,R,30/11/17,100,6,Will Ferrell,59328,Sean Anders,2017,0.6,6.185,1.96
35000000,Columbia Pictures,USA,Ari Sandel,Adventure,93320380,Goosebumps: Haunted Halloween,PG,18/10/18,90,5.6,Wendi McLendon-Covey,16490,Rob Lieber,2018,0.84,2.576,0.6
2600000,Dream Factory Group,USA,Mark Drury Taylor,Adventure,147941,Saving Flora,NOT RATED,4/04/19,95,5.7,Jenna Ortega,300,David Moss,2018,0.6,3.856,0.6
10000000,Screen Gems,USA,Sylvain White,Horror,51738549,Slender Man,R,6/09/18,93,3.2,Joey King,27028,David Birke,2018,1.4,9.343,0.828
5000000,Grodnik /Aloe Productions,USA,York Alec Shackleton,Action,49104,Disturbing the Peace,R,17/01/20,91,3.2,Guy Pearce,1265,Chuck Hustmyre,2020,0.694,11.987,0.6
19000000,A24,USA,Benny Safdie,Crime,50023780,Uncut Gems,R,31/01/20,135,7.4,Mesfin Lamengo,199124,Ronald Bronstein,2019,1.399,1.094,1.01
7700000,Screen Gems,USA,Diederik Van Rooijen,Horror,43016528,The Possession of Hannah Grace,R,31/01/19,86,5.2,Shay Mitchell,17040,Brian Sieve,2018,0.716,1.591,0.694
80000000,20th Century Fox Film Corporation,USA,William Eubank,Action,40882928,Underwater,PG-13,30/01/20,95,5.8,Kristen Stewart,48505,Brian Duffield,2020,1.4,13.055,0.698
18000000,Rampage Films,USA,Dwight H. Little,Action,12944,Last Rampage: The Escape of Gary Tison,R,22/09/17,93,5.7,Robert Patrick,1448,James W. Clarke,2017,1.553,5.718,0.6
150000000,Warner Bros.,USA,Rob Letterman,Action,433005346,Pokemon: Detective Pikachu,PG,9/05/19,104,6.6,Ryan Reynolds,130487,Dan Hernandez,2019,1,24.035,0.619
2300000,Fortress Features,USA,Stephan Rick,Horror,19513,The Super,R,19/10/18,90,5.9,Patrick John Flueger,11393,John J. McLaughlin,2017,0.6,2.744,0.657
9000000,Columbia Pictures,USA,Adam Robitel,Action,155712077,Escape Room,R,14/03/19,99,6.3,Taylor Russell,77941,Bragi F. Schut,2019,2.493,3.493,1.4
25000000,DreamWorks,USA,Rupert Wyatt,Action,8808611,Captive State,PG-13,28/03/19,109,6,John Goodman,46043,Erica Beeney,2019,0.6,7.693,0.6
22000000,Twentieth Century Fox,USA,David Bowers,Comedy,40140972,Diary of a Wimpy Kid: The Long Haul,PG,10/08/17,91,4.3,Jason Drucker,6799,Jeff Kinney,2017,0.6,0.65,0.694
260000000,Walt Disney Pictures,USA,Jon Favreau,Animation,1656963790,The Lion King,PG,21/08/19,118,6.9,Chiwetel Ejiofor,199521,Jeff Nathanson,2019,9.791,9.523,2.789
5000000,Triple Horse Studios,USA,Jon Gunn,Biography,18175663,The Case for Christ,PG,7/04/17,112,6.3,Erika Christensen,7536,Brian Bird,2017,0.716,1.763,0.6
75000000,Lionsgate,USA,Chad Stahelski,Action,326709727,John Wick 3 - Parabellum,R,16/05/19,130,7.5,Keanu Reeves,258107,Derek Kolstad,2019,2.156,30.707,1.165
40000000,Millennium Films,USA,Ric Roman Waugh,Action,146661977,Angel Has Fallen,R,28/08/19,121,6.4,Gerard Butler,72741,Robert Mark Kamen,2019,1.473,9.401,4.585
2500000,Mind the GAP Productions,USA,Lin Oeding,Action,165623,Office Uprising,UNRATED,19/06/18,92,6,Brenton Thwaites,8023,Ian Shorr,2018,1.473,4.795,1.528
100000,Sailor Bear,USA,David Lowery,Drama,1951683,A Ghost Story,R,27/07/17,92,6.9,Casey Affleck,58011,David Lowery,2017,0.6,6.662,0.6
50000000,Twentieth Century Fox,USA,Steven Spielberg,Drama,192938646,The Post,R,1/02/18,116,7.2,Meryl Streep,130017,Liz Hannah,2017,8.787,9.5,0.694
160000000,Columbia Pictures,USA,Jon Watts,Action,1131927996,Spider-Man: Far from Home,G,10/07/19,129,7.5,Tom Holland,304708,Chris McKenna,2019,1.676,12.137,2.465
14000000,Screen Gems,USA,Babak Najafi,Action,21753365,Proud Mary,R,12/01/18,89,4.9,Taraji P. Henson,8442,John Stuart Newman,2018,0.84,4.65,0.6
9000000,Alloy Entertainment,USA,Ry Russo-Young,Drama,6750029,The Sun Is Also a Star,R,8/08/19,100,5.8,Yara Shahidi,5569,Tracy Oliver,2019,0.94,3.614,0.7
185000000,Paramount Pictures,USA,Tim Miller,Action,261119292,Terminator - Dark Fate,R,31/10/19,128,6.2,Linda Hamilton,132793,David S. Goyer,2019,1.422,4.507,3.787
10000000,Destro Films,USA,Kevin Smith,Comedy,4691248,Jay and Silent Bob Reboot,R,29/11/19,105,5.7,Joey Lauren Adams,17551,Kevin Smith,2019,2.618,1.878,0.6
4000000,Webber Films,USA,Josh Webber,Drama,105271,Never Heard,UNRATED,16/11/18,89,5.3,David Banner,383,Tamera Hill,2018,0.6,1.4,0.6
5000000,Beck Woods,USA,Scott Beck,Horror,2233978,Haunt,R,13/09/19,92,6.3,Katie Stevens,16775,Scott Beck,2019,0.6,1.473,1.614
8000000,Screen Gems,USA,Deon Taylor,Drama,36973503,The Intruder,R,3/05/19,102,5.6,Michael Ealy,12126,David Loughery,2019,0.98,9.556,1.96
3500000,Blumhouse Productions,USA,Jeff Wadlow,Horror,95330493,Truth or Dare,R,21/06/18,100,5.2,Lucy Hale,45088,Michael Reisz,2018,0.6,4.526,1.009
29000000,Hartbeat Productions,USA,Malcolm D. Lee,Comedy,103105878,Night School,R,8/11/18,111,5.6,Kevin Hart,32865,Kevin Hart,2018,1.22,5.192,0.6
200000000,Chris Morgan Productions,USA,David Leitch,Action,759056935,Fast & Furious - Hobbs & Shaw,R,8/08/19,137,6.4,Dwayne Johnson,158617,Chris Morgan,2019,2.57,28.024,1.4
9000000,Annapurna Pictures,USA,Karyn Kusama,Action,5580940,Destroyer,R,6/06/19,121,6.2,Nicole Kidman,23655,Phil Hay,2018,1.586,13.3,1.166
6000000,Will Packer Productions,USA,James McTeigue,Action,51411620,Breaking in,PG-13,26/07/18,88,5.4,Gabrielle Union,13606,Ryan Engle,2018,0.937,2.765,0.652
1500000,Fingerprint Releasing,USA,Steven Soderbergh,Drama,14293601,Unsane,R,5/07/18,98,6.4,Joshua Leonard,38858,Jonathan Bernstein,2018,4.007,1.69,1.4
19000000,Summit Entertainment,USA,Charles Stone III,Comedy,46664414,Uncle Drew,PG-13,29/06/18,103,5.7,Kyrie Irving,11690,Jay Longino,2018,1.38,1.4,0.6
6000000,Universal 1440 Entertainment,USA,Harold Cronk,Biography,6216897,Unbroken - Path to Redemption,PG-13,14/09/18,98,5.8,Samuel Hunt,2292,Richard Friedenberg,2018,0.648,2.976,1.62
15000000,Focus Features,USA,Spike Lee,Biography,93400823,BlacKkKlansman,R,27/09/18,135,7.5,Alec Baldwin,207042,Charlie Wachtel,2018,1.945,4.77,1.38
12000000,Hidden Empire Film Group,USA,Deon Taylor,Action,22741061,Black and Blue,R,25/10/19,108,6.3,Naomie Harris,13332,Peter A. Dowling,2019,0.98,5.588,0.98
9000000,Daniel Grodnik Productions,USA,Nick Powell,Action,84630,Primal,R,8/11/19,97,4.9,Nicolas Cage,4212,Richard Leder,2019,1.4,19.001,0.6
48000000,Closest to the Hole Productions,USA,Sean Anders,Comedy,120556201,Instant Family,R,21/03/19,118,7.3,Mark Wahlberg,76885,Sean Anders,2018,0.6,13.736,1.96
49000000,Paramount Players,USA,James Bobin,Adventure,119682635,Dora and the Lost City of Gold,PG,26/09/19,102,6.1,Benicio Del Toro,21413,Nicholas Stoller,2019,1.821,6.908,3.576
20000000,BET Films,USA,Adam Shankman,Comedy,72216294,What Men Want - Ladies Night,R,8/02/19,117,5.2,Taraji P. Henson,20016,Tina Gordon,2019,0.972,4.65,1.22
16000000,Columbia Pictures,USA,Director X.,Action,20780685,Superfly,R,13/06/18,116,5.1,Trevor Jackson,6015,Alex Tse,2018,0.6,1.646,1.008
84500000,Clubhouse Pictures (II),USA,Cathy Yan,Action,201858461,Birds of Prey,R,6/02/20,109,6.1,Margot Robbie,137373,Christina Hodson,2020,0.6,33.929,2.958
16000000,GoldDay,USA,Michael Dowse,Action,32390945,Stuber,R,29/08/19,93,6.2,Dave Bautista,37773,Tripper Clancy,2019,0.991,6.593,0.6
6000000,Screen Gems,USA,David Yarovesky,Drama,32893421,Brightburn,R,23/05/19,90,6.1,Elizabeth Banks,74226,Brian Gunn,2019,1.159,9.793,1.396
6000000,Fox Searchlight Pictures,USA,Matt Bettinelli-Olpin,Comedy,57615777,Ready or Not,R,24/10/19,95,6.8,Samara Weaving,96190,Guy Busick,2019,0.972,11.151,0.6
5000000,Blumhouse Productions,USA,Tate Taylor,Horror,61105672,Ma,R,27/06/19,99,5.6,Octavia Spencer,36323,Scotty Landes,2019,3.185,4.516,0.6
9000000,Blumhouse Productions,USA,Christopher Landon,Comedy,64600152,Happy Death Day 2U,R,28/02/19,100,6.2,Jessica Rothe,52547,Christopher Landon,2019,2.999,10.164,0.98
29900000,Broken Road Productions,USA,Andy Fickman,Comedy,68631669,Playing with Fire,PG,27/02/20,96,5,John Cena,8766,Dan Ewen,2019,1.4,5.568,0.6
10000000,STX Films,USA,William Brent Bell,Drama,20311536,Brahms: The Boy II,R,19/03/20,86,4.6,Katie Holmes,8755,Stacey Menear,2020,0.98,5.83,0.6
12000000,Kevin Downes Productions,USA,Andrew Erwin,Biography,13681524,I Still Believe,PG,19/03/20,116,6.5,K.J. Apa,6196,Jeremy Camp,2020,0.6,5.03,0.6
33000000,Burek Films,USA,Derrick Borte,Action,21025406,Unhinged,R,24/09/20,90,6.2,Russell Crowe,4720,Carl Ellsworth,2020,1.38,9.633,1.607
18000000,Fox 2000 Pictures,USA,Simon Curtis,Comedy,33766787,The Art Of Racing in the Rain,PG,7/11/19,109,7.6,Kevin Costner,21842,Mark Bomback,2019,1.166,8.717,1.62